Series,Number,Release Date,Title,Link,Download Link
SP,800-55 Vol. 1,12/04/2024,Measurement Guide for Information Security: Volume 1 — Identifying and Selecting Measures,https://csrc.nist.gov/pubs/sp/800/55/v1/final,https://nvlpubs.nist.gov/nistpubs/SpecialPublications/NIST.SP.800-55v1.pdf
SP,800-55 Vol. 2,12/04/2024,Measurement Guide for Information Security: Volume 2 — Developing an Information Security Measurement Program,https://csrc.nist.gov/pubs/sp/800/55/v2/final,https://nvlpubs.nist.gov/nistpubs/SpecialPublications/NIST.SP.800-55v2.pdf
SP,800-161 Rev. 1,11/01/2024,Cybersecurity Supply Chain Risk Management Practices for Systems and Organizations,https://csrc.nist.gov/pubs/sp/800/161/r1/upd1/final,https://nvlpubs.nist.gov/nistpubs/SpecialPublications/NIST.SP.800-161r1-upd1.pdf
SP,1305,10/21/2024,NIST Cybersecurity Framework 2.0: Quick-Start Guide for Cybersecurity Supply Chain Risk Management (C-SCRM),https://csrc.nist.gov/pubs/sp/1305/final,https://nvlpubs.nist.gov/nistpubs/SpecialPublications/NIST.SP.1305.pdf
SP,1302,10/21/2024,NIST Cybersecurity Framework 2.0: Quick-Start Guide for Using the CSF Tiers,https://csrc.nist.gov/pubs/sp/1302/final,https://nvlpubs.nist.gov/nistpubs/SpecialPublications/NIST.SP.1302.pdf
SP,1303,10/21/2024,NIST Cybersecurity Framework 2.0: Enterprise Risk Management Quick-Start Guide,https://csrc.nist.gov/pubs/sp/1303/final,https://nvlpubs.nist.gov/nistpubs/SpecialPublications/NIST.SP.1303.pdf
SP,800-233,10/16/2024,Service Mesh Proxy Models for Cloud-Native Applications,https://csrc.nist.gov/pubs/sp/800/233/final,https://nvlpubs.nist.gov/nistpubs/SpecialPublications/NIST.SP.800-233.pdf
SP,800-50 Rev. 1,9/12/2024,Building a Cybersecurity and Privacy Learning Program,https://csrc.nist.gov/pubs/sp/800/50/r1/final,https://nvlpubs.nist.gov/nistpubs/SpecialPublications/NIST.SP.800-50r1.pdf
FIPS,203,8/13/2024,Module-Lattice-Based Key-Encapsulation Mechanism Standard,https://csrc.nist.gov/pubs/fips/203/final,https://nvlpubs.nist.gov/nistpubs/FIPS/NIST.FIPS.203.pdf
FIPS,204,8/13/2024,Module-Lattice-Based Digital Signature Standard,https://csrc.nist.gov/pubs/fips/204/final,https://nvlpubs.nist.gov/nistpubs/FIPS/NIST.FIPS.204.pdf
FIPS,205,8/13/2024,Stateless Hash-Based Digital Signature Standard,https://csrc.nist.gov/pubs/fips/205/final,https://nvlpubs.nist.gov/nistpubs/FIPS/NIST.FIPS.205.pdf
SP,800-201,7/30/2024,NIST Cloud Computing Forensic Reference Architecture,https://csrc.nist.gov/pubs/sp/800/201/final,https://nvlpubs.nist.gov/nistpubs/SpecialPublications/NIST.SP.800-201.pdf
SP,800-231,7/30/2024,Bug Framework (BF): Formalizing Cybersecurity Weaknesses and Vulnerabilities,https://csrc.nist.gov/pubs/sp/800/231/final,https://nvlpubs.nist.gov/nistpubs/SpecialPublications/NIST.SP.800-231.pdf
SP,800-218A,7/26/2024,Secure Software Development Practices for Generative AI and Dual-Use Foundation Models: An SSDF Community Profile,https://csrc.nist.gov/pubs/sp/800/218/a/final,https://nvlpubs.nist.gov/nistpubs/SpecialPublications/NIST.SP.800-218A.pdf
SP,1314,7/23/2024,"NIST Risk Management Framework (RMF) Small Enterprise Quick Start Guide: A Comprehensive, Flexible, Risk-Based Approach to Managing Information Security and Privacy Risk",https://csrc.nist.gov/pubs/sp/1314/final,https://nvlpubs.nist.gov/nistpubs/SpecialPublications/NIST.SP.1314.pdf
SP,800-73-5,7/15/2024,"Interfaces for Personal Identity Verification: Part 1 – PIV Card Application Namespace, Data Model and Representation",https://csrc.nist.gov/pubs/sp/800/73/pt1/5/final,https://nvlpubs.nist.gov/nistpubs/SpecialPublications/NIST.SP.800-73pt1-5.pdf
SP,800-73-5,7/15/2024,Interfaces for Personal Identity Verification: Part 2 – PIV Card Application Card Command Interface,https://csrc.nist.gov/pubs/sp/800/73/pt2/5/final,https://nvlpubs.nist.gov/nistpubs/SpecialPublications/NIST.SP.800-73pt2-5.pdf
SP,800-73-5,7/15/2024,Interfaces for Personal Identity Verification: Part 3 – PIV Client Application Programming Interface,https://csrc.nist.gov/pubs/sp/800/73/pt3/5/final,https://nvlpubs.nist.gov/nistpubs/SpecialPublications/NIST.SP.800-73pt3-5.pdf
SP,800-78-5,7/15/2024,Cryptographic Algorithms and Key Sizes for Personal Identity Verification,https://csrc.nist.gov/pubs/sp/800/78/5/final,https://nvlpubs.nist.gov/nistpubs/SpecialPublications/NIST.SP.800-78-5.pdf
SP,800-229,5/20/2024,Fiscal Year 2023 Cybersecurity and Privacy Annual Report,https://csrc.nist.gov/pubs/sp/800/229/final,https://nvlpubs.nist.gov/nistpubs/SpecialPublications/NIST.SP.800-229.pdf
SP,800-171 Rev. 3,5/14/2024,Protecting Controlled Unclassified Information in Nonfederal Systems and Organizations,https://csrc.nist.gov/pubs/sp/800/171/r3/final,https://nvlpubs.nist.gov/nistpubs/SpecialPublications/NIST.SP.800-171r3.pdf
SP,800-171A Rev. 3,5/14/2024,Assessing Security Requirements for Controlled Unclassified Information,https://csrc.nist.gov/pubs/sp/800/171/a/r3/final,https://nvlpubs.nist.gov/nistpubs/SpecialPublications/NIST.SP.800-171Ar3.pdf
SP,800-63B,4/22/2024,[Supplement 1] Incorporating Syncable Authenticators into NIST SP 800-63B: Digital Identity Guidelines — Authentication and Lifecycle Management,https://csrc.nist.gov/pubs/sp/800/63/b/sup/final,https://nvlpubs.nist.gov/nistpubs/SpecialPublications/NIST.SP.800-63Bsup1.pdf
SP,1300,2/26/2024,NIST Cybersecurity Framework 2.0: Small Business Quick-Start Guide,https://csrc.nist.gov/pubs/sp/1300/final,https://nvlpubs.nist.gov/nistpubs/SpecialPublications/NIST.SP.1300.pdf
SP,1301,2/26/2024,NIST Cybersecurity Framework 2.0: Quick-Start Guide for Creating and Using Organizational Profiles,https://csrc.nist.gov/pubs/sp/1301/final,https://nvlpubs.nist.gov/nistpubs/SpecialPublications/NIST.SP.1301.pdf
SP,1299,2/26/2024,NIST Cybersecurity Framework 2.0: Resource and Overview Guide,https://csrc.nist.gov/pubs/sp/1299/final,https://nvlpubs.nist.gov/nistpubs/SpecialPublications/NIST.SP.1299.pdf
SP,1800-28,2/23/2024,Data Confidentiality: Identifying and Protecting Assets Against Data Breaches,https://csrc.nist.gov/pubs/sp/1800/28/final,https://nvlpubs.nist.gov/nistpubs/SpecialPublications/NIST.SP.1800-28.pdf
SP,1800-29,2/23/2024,"Data Confidentiality: Detect, Respond to, and Recover from Data Breaches",https://csrc.nist.gov/pubs/sp/1800/29/final,https://nvlpubs.nist.gov/nistpubs/SpecialPublications/NIST.SP.1800-29.pdf
SP,800-66 Rev. 2,2/14/2024,Implementing the Health Insurance Portability and Accountability Act (HIPAA) Security Rule: A Cybersecurity Resource Guide,https://csrc.nist.gov/pubs/sp/800/66/r2/final,https://nvlpubs.nist.gov/nistpubs/SpecialPublications/NIST.SP.800-66r2.pdf
SP,800-204D,2/12/2024,Strategies for the Integration of Software Supply Chain Security in DevSecOps CI/CD Pipelines,https://csrc.nist.gov/pubs/sp/800/204/d/final,https://nvlpubs.nist.gov/nistpubs/SpecialPublications/NIST.SP.800-204D.pdf
SP,800-223,2/09/2024,"High-Performance Computing Security: Architecture, Threat Analysis, and Security Posture",https://csrc.nist.gov/pubs/sp/800/223/final,https://nvlpubs.nist.gov/nistpubs/SpecialPublications/NIST.SP.800-223.pdf
SP,800-108 Rev. 1,2/02/2024,Recommendation for Key Derivation Using Pseudorandom Functions,https://csrc.nist.gov/pubs/sp/800/108/r1/upd1/final,https://nvlpubs.nist.gov/nistpubs/SpecialPublications/NIST.SP.800-108r1-upd1.pdf
SP,800-221,11/17/2023,Enterprise Impact of Information and Communications Technology Risk: Governing and Managing ICT Risk Programs Within an Enterprise Risk Portfolio,https://csrc.nist.gov/pubs/sp/800/221/final,https://nvlpubs.nist.gov/nistpubs/SpecialPublications/NIST.SP.800-221.pdf
SP,800-221A,11/17/2023,Information and Communications Technology (ICT) Risk Outcomes: Integrating ICT Risk Management Programs with the Enterprise Risk Portfolio,https://csrc.nist.gov/pubs/sp/800/221/a/final,https://nvlpubs.nist.gov/nistpubs/SpecialPublications/NIST.SP.800-221A.pdf
SP,800-140B Rev. 1,11/17/2023,Cryptographic Module Validation Program (CMVP) Security Policy Requirements: CMVP Validation Authority Updates to ISO/IEC 24759 and ISO/IEC 19790 Annex B,https://csrc.nist.gov/pubs/sp/800/140/b/r1/final,https://nvlpubs.nist.gov/nistpubs/SpecialPublications/NIST.SP.800-140Br1.pdf
SP,800-82 Rev. 3,9/28/2023,Guide to Operational Technology (OT) Security,https://csrc.nist.gov/pubs/sp/800/82/r3/final,https://nvlpubs.nist.gov/nistpubs/SpecialPublications/NIST.SP.800-82r3.pdf
SP,1800-22,9/28/2023,Mobile Device Security: Bring Your Own Device (BYOD),https://csrc.nist.gov/pubs/sp/1800/22/final,http://nvlpubs.nist.gov/nistpubs/SpecialPublications/NIST.SP.1800-22.pdf
SP,800-188,9/14/2023,De-Identifying Government Datasets: Techniques and Governance,https://csrc.nist.gov/pubs/sp/800/188/final,https://nvlpubs.nist.gov/nistpubs/SpecialPublications/NIST.SP.800-188.pdf
SP,800-207A,9/13/2023,A Zero Trust Architecture Model for Access Control in Cloud-Native Applications in Multi-Cloud Environments,https://csrc.nist.gov/pubs/sp/800/207/a/final,https://nvlpubs.nist.gov/nistpubs/SpecialPublications/NIST.SP.800-207A.pdf
SP,800-140C Rev. 2,7/25/2023,Cryptographic Module Validation Program (CMVP)-Approved Security Functions: CMVP Validation Authority Updates to ISO/IEC 24759,https://csrc.nist.gov/pubs/sp/800/140/c/r2/final,https://nvlpubs.nist.gov/nistpubs/SpecialPublications/NIST.SP.800-140Cr2.pdf
SP,800-140D Rev. 2,7/25/2023,Cryptographic Module Validation Program (CMVP)-Approved Sensitive Security Parameter Generation and Establishment Methods: CMVP Validation Authority Updates to ISO/IEC 24759,https://csrc.nist.gov/pubs/sp/800/140/d/r2/final,https://nvlpubs.nist.gov/nistpubs/SpecialPublications/NIST.SP.800-140Dr2.pdf
SP,800-219 Rev. 1,7/20/2023,Automated Secure Configuration Guidance from the macOS Security Compliance Project (mSCP),https://csrc.nist.gov/pubs/sp/800/219/r1/final,https://nvlpubs.nist.gov/nistpubs/SpecialPublications/NIST.SP.800-219r1.pdf
SP,800-225,5/30/2023,Fiscal Year 2022 Cybersecurity and Privacy Annual Report,https://csrc.nist.gov/pubs/sp/800/225/final,https://nvlpubs.nist.gov/nistpubs/SpecialPublications/NIST.SP.800-225.pdf
SP,800-216,5/24/2023,Recommendations for Federal Vulnerability Disclosure Guidelines,https://csrc.nist.gov/pubs/sp/800/216/final,https://nvlpubs.nist.gov/nistpubs/SpecialPublications/NIST.SP.800-216.pdf
SP,800-124 Rev. 2,5/17/2023,Guidelines for Managing the Security of Mobile Devices in the Enterprise,https://csrc.nist.gov/pubs/sp/800/124/r2/final,https://nvlpubs.nist.gov/nistpubs/SpecialPublications/NIST.SP.800-124r2.pdf
FIPS,197,5/09/2023,Advanced Encryption Standard (AES),https://csrc.nist.gov/pubs/fips/197/final,https://nvlpubs.nist.gov/nistpubs/FIPS/NIST.FIPS.197-upd1.pdf
FIPS,186-5,2/03/2023,Digital Signature Standard (DSS),https://csrc.nist.gov/pubs/fips/186-5/final,https://nvlpubs.nist.gov/nistpubs/FIPS/NIST.FIPS.186-5.pdf
SP,800-186,2/03/2023,Recommendations for Discrete Logarithm-based Cryptography: Elliptic Curve Domain Parameters,https://csrc.nist.gov/pubs/sp/800/186/final,https://nvlpubs.nist.gov/nistpubs/SpecialPublications/NIST.SP.800-186.pdf
SP,1288,1/11/2023,"Federal Cybersecurity Role-Based Training Approaches, Successes, and Challenges",https://csrc.nist.gov/pubs/sp/1288/final,https://nvlpubs.nist.gov/nistpubs/SpecialPublications/NIST.SP.1288.pdf
SP,1800-34,12/09/2022,Validating the Integrity of Computing Devices,https://csrc.nist.gov/pubs/sp/1800/34/final,http://nvlpubs.nist.gov/nistpubs/SpecialPublications/NIST.SP.1800-34.pdf
SP,800-215,11/17/2022,Guide to a Secure Enterprise Network Landscape,https://csrc.nist.gov/pubs/sp/800/215/final,https://nvlpubs.nist.gov/nistpubs/SpecialPublications/NIST.SP.800-215.pdf
SP,800-160 Vol. 1 Rev. 1,11/16/2022,Engineering Trustworthy Secure Systems,https://csrc.nist.gov/pubs/sp/800/160/v1/r1/final,https://nvlpubs.nist.gov/nistpubs/SpecialPublications/NIST.SP.800-160v1r1.pdf
SP,800-220,9/26/2022,Fiscal Year 2021 Cybersecurity and Privacy Annual Report,https://csrc.nist.gov/pubs/sp/800/220/final,https://nvlpubs.nist.gov/nistpubs/SpecialPublications/NIST.SP.800-220.pdf
SP,1800-19,4/20/2022,Trusted Cloud: Security Practice Guide for VMware Hybrid Cloud Infrastructure as a Service (IaaS) Environments,https://csrc.nist.gov/pubs/sp/1800/19/final,https://nvlpubs.nist.gov/nistpubs/SpecialPublications/NIST.SP.1800-19.pdf
SP,800-40 Rev. 4,4/06/2022,Guide to Enterprise Patch Management Planning: Preventive Maintenance for Technology,https://csrc.nist.gov/pubs/sp/800/40/r4/final,https://nvlpubs.nist.gov/nistpubs/SpecialPublications/NIST.SP.800-40r4.pdf
SP,1800-31,4/06/2022,Improving Enterprise Patching for General IT Systems: Utilizing Existing Tools and Performing Processes in Better Ways,https://csrc.nist.gov/pubs/sp/1800/31/final,https://nvlpubs.nist.gov/nistpubs/SpecialPublications/NIST.SP.1800-31.pdf
SP,1800-10,3/16/2022,Protecting Information and System Integrity in Industrial Control System Environments: Cybersecurity for the Manufacturing Sector,https://csrc.nist.gov/pubs/sp/1800/10/final,https://nvlpubs.nist.gov/nistpubs/SpecialPublications/NIST.SP.1800-10.pdf
SP,800-172A,3/15/2022,Assessing Enhanced Security Requirements for Controlled Unclassified Information,https://csrc.nist.gov/pubs/sp/800/172/a/final,https://nvlpubs.nist.gov/nistpubs/SpecialPublications/NIST.SP.800-172A.pdf
SP,800-204C,3/08/2022,Implementation of DevSecOps for a Microservices-based Application with Service Mesh,https://csrc.nist.gov/pubs/sp/800/204/c/final,https://nvlpubs.nist.gov/nistpubs/SpecialPublications/NIST.SP.800-204C.pdf
SP,1800-30,2/22/2022,Securing Telehealth Remote Patient Monitoring Ecosystem,https://csrc.nist.gov/pubs/sp/1800/30/final,https://nvlpubs.nist.gov/nistpubs/SpecialPublications/NIST.SP.1800-30.pdf
SP,800-218,2/03/2022,Secure Software Development Framework (SSDF) Version 1.1: Recommendations for Mitigating the Risk of Software Vulnerabilities,https://csrc.nist.gov/pubs/sp/800/218/final,https://nvlpubs.nist.gov/nistpubs/SpecialPublications/NIST.SP.800-218.pdf
SP,1800-32,2/02/2022,Securing Distributed Energy Resources: An Example of Industrial Internet of Things Cybersecurity,https://csrc.nist.gov/pubs/sp/1800/32/final,https://nvlpubs.nist.gov/nistpubs/SpecialPublications/NIST.SP.1800-32.pdf
SP,800-53A Rev. 5,1/25/2022,Assessing Security and Privacy Controls in Information Systems and Organizations,https://csrc.nist.gov/pubs/sp/800/53/a/r5/final,https://nvlpubs.nist.gov/nistpubs/SpecialPublications/NIST.SP.800-53Ar5.pdf
FIPS,201-3,1/24/2022,Personal Identity Verification (PIV) of Federal Employees and Contractors,https://csrc.nist.gov/pubs/fips/201-3/final,https://nvlpubs.nist.gov/nistpubs/FIPS/NIST.FIPS.201-3.pdf
SP,800-121 Rev. 2,1/19/2022,Guide to Bluetooth Security,https://csrc.nist.gov/pubs/sp/800/121/r2/upd1/final,https://nvlpubs.nist.gov/nistpubs/SpecialPublications/NIST.SP.800-121r2-upd1.pdf
SP,800-160 Vol. 2 Rev. 1,12/09/2021,Developing Cyber-Resilient Systems: A Systems Security Engineering Approach,https://csrc.nist.gov/pubs/sp/800/160/v2/r1/final,https://nvlpubs.nist.gov/nistpubs/SpecialPublications/NIST.SP.800-160v2r1.pdf
SP,800-213,11/29/2021,IoT Device Cybersecurity Guidance for the Federal Government: Establishing IoT Device Cybersecurity Requirements,https://csrc.nist.gov/pubs/sp/800/213/final,https://nvlpubs.nist.gov/nistpubs/SpecialPublications/NIST.SP.800-213.pdf
SP,800-213A,11/29/2021,IoT Device Cybersecurity Guidance for the Federal Government: IoT Device Cybersecurity Requirement Catalog,https://csrc.nist.gov/pubs/sp/800/213/a/final,https://nvlpubs.nist.gov/nistpubs/SpecialPublications/NIST.SP.800-213A.pdf
SP,800-214,9/28/2021,2020 Cybersecurity and Privacy Annual Report,https://csrc.nist.gov/pubs/sp/800/214/final,https://nvlpubs.nist.gov/nistpubs/SpecialPublications/NIST.SP.800-214.pdf
SP,1800-13,8/25/2021,Mobile Application Single Sign-On: Improving Authentication for Public Safety First Responders,https://csrc.nist.gov/pubs/sp/1800/13/final,https://nvlpubs.nist.gov/nistpubs/SpecialPublications/NIST.SP.1800-13.pdf
SP,800-204B,8/06/2021,Attribute-based Access Control for Microservices-based Applications using a Service Mesh,https://csrc.nist.gov/pubs/sp/800/204/b/final,https://nvlpubs.nist.gov/nistpubs/SpecialPublications/NIST.SP.800-204B.pdf
SP,1271,8/06/2021,Getting Started with the NIST Cybersecurity Framework: A Quick Start Guide,https://csrc.nist.gov/pubs/sp/1271/final,https://nvlpubs.nist.gov/nistpubs/SpecialPublications/NIST.SP.1271.pdf
SP,800-47 Rev. 1,7/20/2021,Managing the Security of Information Exchanges,https://csrc.nist.gov/pubs/sp/800/47/r1/final,https://nvlpubs.nist.gov/nistpubs/SpecialPublications/NIST.SP.800-47r1.pdf
SP,1800-15,5/26/2021,Securing Small-Business and Home Internet of Things (IoT) Devices: Mitigating Network-Based Attacks Using Manufacturer Usage Description (MUD),https://csrc.nist.gov/pubs/sp/1800/15/final,https://nvlpubs.nist.gov/nistpubs/SpecialPublications/NIST.SP.1800-15.pdf
SP,1800-27,3/30/2021,Securing Property Management Systems,https://csrc.nist.gov/pubs/sp/1800/27/final,https://nvlpubs.nist.gov/nistpubs/SpecialPublications/NIST.SP.1800-27.pdf
SP,800-172,2/02/2021,Enhanced Security Requirements for Protecting Controlled Unclassified Information: A Supplement to NIST Special Publication 800-171,https://csrc.nist.gov/pubs/sp/800/172/final,https://nvlpubs.nist.gov/nistpubs/SpecialPublications/NIST.SP.800-172.pdf
SP,1800-24,12/21/2020,Securing Picture Archiving and Communication System (PACS): Cybersecurity for the Healthcare Sector,https://csrc.nist.gov/pubs/sp/1800/24/final,https://nvlpubs.nist.gov/nistpubs/SpecialPublications/NIST.SP.1800-24.pdf
SP,800-53 Rev. 5,12/10/2020,Security and Privacy Controls for Information Systems and Organizations,https://csrc.nist.gov/pubs/sp/800/53/r5/upd1/final,https://nvlpubs.nist.gov/nistpubs/SpecialPublications/NIST.SP.800-53r5.pdf
SP,800-53B,12/10/2020,Control Baselines for Information Systems and Organizations,https://csrc.nist.gov/pubs/sp/800/53/b/upd1/final,https://nvlpubs.nist.gov/nistpubs/SpecialPublications/NIST.SP.800-53B.pdf
SP,1800-26,12/08/2020,Data Integrity: Detecting and Responding to Ransomware and Other Destructive Events,https://csrc.nist.gov/pubs/sp/1800/26/final,https://nvlpubs.nist.gov/nistpubs/SpecialPublications/NIST.SP.1800-26.pdf
SP,1800-25,12/08/2020,Data Integrity: Identifying and Protecting Assets Against Ransomware and Other Destructive Events,https://csrc.nist.gov/pubs/sp/1800/25/final,https://nvlpubs.nist.gov/nistpubs/SpecialPublications/NIST.SP.1800-25.pdf
SP,800-181 Rev. 1,11/16/2020,Workforce Framework for Cybersecurity (NICE Framework),https://csrc.nist.gov/pubs/sp/800/181/r1/final,https://nvlpubs.nist.gov/nistpubs/SpecialPublications/NIST.SP.800-181r1.pdf
SP,800-208,10/29/2020,Recommendation for Stateful Hash-Based Signature Schemes,https://csrc.nist.gov/pubs/sp/800/208/final,https://nvlpubs.nist.gov/nistpubs/SpecialPublications/NIST.SP.800-208.pdf
SP,800-209,10/26/2020,Security Guidelines for Storage Infrastructure,https://csrc.nist.gov/pubs/sp/800/209/final,https://nvlpubs.nist.gov/nistpubs/SpecialPublications/NIST.SP.800-209.pdf
SP,1800-11,9/22/2020,Data Integrity: Recovering from Ransomware and Other Destructive Events,https://csrc.nist.gov/pubs/sp/1800/11/final,https://nvlpubs.nist.gov/nistpubs/SpecialPublications/NIST.SP.1800-11.pdf
SP,1800-21,9/15/2020,Mobile Device Security: Corporate-Owned Personally-Enabled (COPE),https://csrc.nist.gov/pubs/sp/1800/21/final,https://nvlpubs.nist.gov/nistpubs/SpecialPublications/NIST.SP.1800-21.pdf
SP,800-211,8/24/2020,2019 NIST/ITL Cybersecurity Program Annual Report,https://csrc.nist.gov/pubs/sp/800/211/final,https://nvlpubs.nist.gov/nistpubs/SpecialPublications/NIST.SP.800-211.pdf
SP,1500-16,8/20/2020,Improving Veteran Transitions to Civilian Cybersecurity Roles: Workshop Report,https://csrc.nist.gov/pubs/sp/1500/16/final,https://nvlpubs.nist.gov/nistpubs/SpecialPublications/NIST.SP.1500-16.pdf
SP,800-56C Rev. 2,8/18/2020,Recommendation for Key-Derivation Methods in Key-Establishment Schemes,https://csrc.nist.gov/pubs/sp/800/56/c/r2/final,https://nvlpubs.nist.gov/nistpubs/SpecialPublications/NIST.SP.800-56Cr2.pdf
SP,800-207,8/11/2020,Zero Trust Architecture,https://csrc.nist.gov/pubs/sp/800/207/final,https://nvlpubs.nist.gov/nistpubs/SpecialPublications/NIST.SP.800-207.pdf
SP,800-210,7/31/2020,General Access Control Guidance for Cloud Systems,https://csrc.nist.gov/pubs/sp/800/210/final,https://nvlpubs.nist.gov/nistpubs/SpecialPublications/NIST.SP.800-210.pdf
SP,800-77 Rev. 1,6/30/2020,Guide to IPsec VPNs,https://csrc.nist.gov/pubs/sp/800/77/r1/final,https://nvlpubs.nist.gov/nistpubs/SpecialPublications/NIST.SP.800-77r1.pdf
SP,1800-16,6/16/2020,Securing Web Transactions: TLS Server Certificate Management,https://csrc.nist.gov/pubs/sp/1800/16/final,https://nvlpubs.nist.gov/nistpubs/SpecialPublications/NIST.SP.1800-16.pdf
SP,800-133 Rev. 2,6/04/2020,Recommendation for Cryptographic Key Generation,https://csrc.nist.gov/pubs/sp/800/133/r2/final,https://nvlpubs.nist.gov/nistpubs/SpecialPublications/NIST.SP.800-133r2.pdf
SP,800-204A,5/27/2020,Building Secure Microservices-based Applications Using Service-Mesh Architecture,https://csrc.nist.gov/pubs/sp/800/204/a/final,https://nvlpubs.nist.gov/nistpubs/SpecialPublications/NIST.SP.800-204A.pdf
SP,800-137A,5/21/2020,Assessing Information Security Continuous Monitoring (ISCM) Programs: Developing an ISCM Program Assessment,https://csrc.nist.gov/pubs/sp/800/137/a/final,https://nvlpubs.nist.gov/nistpubs/SpecialPublications/NIST.SP.800-137A.pdf
SP,1800-23,5/20/2020,"Energy Sector Asset Management: For Electric Utilities, Oil & Gas Industry",https://csrc.nist.gov/pubs/sp/1800/23/final,https://nvlpubs.nist.gov/nistpubs/SpecialPublications/NIST.SP.1800-23.pdf
SP,800-57 Part 1 Rev. 5,5/04/2020,Recommendation for Key Management: Part 1 – General,https://csrc.nist.gov/pubs/sp/800/57/pt1/r5/final,https://nvlpubs.nist.gov/nistpubs/SpecialPublications/NIST.SP.800-57pt1r5.pdf
SP,800-175B Rev. 1,3/31/2020,Guideline for Using Cryptographic Standards in the Federal Government: Cryptographic Mechanisms,https://csrc.nist.gov/pubs/sp/800/175/b/r1/final,https://nvlpubs.nist.gov/nistpubs/SpecialPublications/NIST.SP.800-175Br1.pdf
SP,800-140,3/20/2020,FIPS 140-3 Derived Test Requirements (DTR): CMVP Validation Authority Updates to ISO/IEC 24759,https://csrc.nist.gov/pubs/sp/800/140/final,https://nvlpubs.nist.gov/nistpubs/SpecialPublications/NIST.SP.800-140.pdf
SP,800-140A,3/20/2020,CMVP Documentation Requirements: CMVP Validation Authority Updates to ISO/IEC 24759,https://csrc.nist.gov/pubs/sp/800/140/a/final,https://nvlpubs.nist.gov/nistpubs/SpecialPublications/NIST.SP.800-140A.pdf
SP,800-140E,3/20/2020,CMVP Approved Authentication Mechanisms: CMVP Validation Authority Requirements for ISO/IEC 19790 Annex E and ISO/IEC 24579 Section 6.17,https://csrc.nist.gov/pubs/sp/800/140/e/final,https://nvlpubs.nist.gov/nistpubs/SpecialPublications/NIST.SP.800-140E.pdf
SP,800-140F,3/20/2020,CMVP Approved Non-Invasive Attack Mitigation Test Metrics: CMVP Validation Authority Updates to ISO/IEC 24759,https://csrc.nist.gov/pubs/sp/800/140/f/final,https://nvlpubs.nist.gov/nistpubs/SpecialPublications/NIST.SP.800-140F.pdf
SP,800-206,3/13/2020,Annual Report 2018: NIST/ITL Cybersecurity Program,https://csrc.nist.gov/pubs/sp/800/206/final,https://nvlpubs.nist.gov/nistpubs/SpecialPublications/NIST.SP.800-206.pdf
SP,800-63A,3/02/2020,Digital Identity Guidelines: Enrollment and Identity Proofing,https://csrc.nist.gov/pubs/sp/800/63/a/upd2/final,https://nvlpubs.nist.gov/nistpubs/SpecialPublications/NIST.SP.800-63a.pdf
SP,800-63B,3/02/2020,Digital Identity Guidelines: Authentication and Lifecycle Management,https://csrc.nist.gov/pubs/sp/800/63/b/upd2/final,https://nvlpubs.nist.gov/nistpubs/SpecialPublications/NIST.SP.800-63b.pdf
SP,800-63C,3/02/2020,Digital Identity Guidelines: Federation and Assertions,https://csrc.nist.gov/pubs/sp/800/63/c/upd2/final,https://nvlpubs.nist.gov/nistpubs/SpecialPublications/NIST.SP.800-63c.pdf
SP,800-63-3,3/02/2020,Digital Identity Guidelines,https://csrc.nist.gov/pubs/sp/800/63/3/upd2/final,https://nvlpubs.nist.gov/nistpubs/SpecialPublications/NIST.SP.800-63-3.pdf
SP,800-189,12/17/2019,Resilient Interdomain Traffic Exchange: BGP Security and DDoS Mitigation,https://csrc.nist.gov/pubs/sp/800/189/final,https://nvlpubs.nist.gov/nistpubs/SpecialPublications/NIST.SP.800-189.pdf
SP,1500-4 Rev. 2,10/21/2019,"NIST Big Data Interoperability Framework: Volume 4, Security and Privacy Version 3",https://csrc.nist.gov/pubs/sp/1500/4/r2/final,https://nvlpubs.nist.gov/nistpubs/SpecialPublications/NIST.SP.1500-4r2.pdf
SP,800-128,10/10/2019,Guide for Security-Focused Configuration Management of Information Systems,https://csrc.nist.gov/pubs/sp/800/128/upd1/final,https://nvlpubs.nist.gov/nistpubs/SpecialPublications/NIST.SP.800-128.pdf
SP,800-52 Rev. 2,8/29/2019,"Guidelines for the Selection, Configuration, and Use of Transport Layer Security (TLS) Implementations",https://csrc.nist.gov/pubs/sp/800/52/r2/final,https://nvlpubs.nist.gov/nistpubs/SpecialPublications/NIST.SP.800-52r2.pdf
SP,1800-12,8/27/2019,Derived Personal Identity Verification (PIV) Credentials,https://csrc.nist.gov/pubs/sp/1800/12/final,https://nvlpubs.nist.gov/nistpubs/SpecialPublications/NIST.SP.1800-12.pdf
SP,800-204,8/07/2019,Security Strategies for Microservices-based Application Systems,https://csrc.nist.gov/pubs/sp/800/204/final,https://nvlpubs.nist.gov/nistpubs/SpecialPublications/NIST.SP.800-204.pdf
SP,1800-7,8/07/2019,Situational Awareness for Electric Utilities,https://csrc.nist.gov/pubs/sp/1800/7/final,https://nvlpubs.nist.gov/nistpubs/SpecialPublications/NIST.SP.1800-7.pdf
SP,800-162,8/02/2019,Guide to Attribute Based Access Control (ABAC) Definition and Considerations,https://csrc.nist.gov/pubs/sp/800/162/upd2/final,https://nvlpubs.nist.gov/nistpubs/specialpublications/NIST.SP.800-162.pdf
SP,1800-17,7/30/2019,"Multifactor Authentication for E-Commerce: Risk-Based, FIDO Universal Second Factor Implementations for Purchasers",https://csrc.nist.gov/pubs/sp/1800/17/final,https://nvlpubs.nist.gov/nistpubs/SpecialPublications/NIST.SP.1800-17.pdf
SP,1800-14,6/28/2019,Protecting the Integrity of Internet Routing: Border Gateway Protocol (BGP) Route Origin Validation,https://csrc.nist.gov/pubs/sp/1800/14/final,https://nvlpubs.nist.gov/nistpubs/SpecialPublications/NIST.SP.1800-14.pdf
SP,800-205,6/18/2019,Attribute Considerations for Access Control Systems,https://csrc.nist.gov/pubs/sp/800/205/final,https://nvlpubs.nist.gov/nistpubs/SpecialPublications/NIST.SP.800-205.pdf
SP,800-57 Part 2 Rev. 1,5/23/2019,Recommendation for Key Management: Part 2 – Best Practices for Key Management Organizations,https://csrc.nist.gov/pubs/sp/800/57/pt2/r1/final,https://nvlpubs.nist.gov/nistpubs/SpecialPublications/NIST.SP.800-57pt2r1.pdf
SP,800-163 Rev. 1,4/19/2019,Vetting the Security of Mobile Applications,https://csrc.nist.gov/pubs/sp/800/163/r1/final,https://nvlpubs.nist.gov/nistpubs/SpecialPublications/NIST.SP.800-163r1.pdf
FIPS,140-3,3/22/2019,Security Requirements for Cryptographic Modules,https://csrc.nist.gov/pubs/fips/140-3/final,https://nvlpubs.nist.gov/nistpubs/FIPS/NIST.FIPS.140-3.pdf
SP,800-131A Rev. 2,3/21/2019,Transitioning the Use of Cryptographic Algorithms and Key Lengths,https://csrc.nist.gov/pubs/sp/800/131/a/r2/final,https://nvlpubs.nist.gov/nistpubs/SpecialPublications/NIST.SP.800-131Ar2.pdf
SP,800-56B Rev. 2,3/21/2019,Recommendation for Pair-Wise Key-Establishment Using Integer Factorization Cryptography,https://csrc.nist.gov/pubs/sp/800/56/b/r2/final,https://nvlpubs.nist.gov/nistpubs/SpecialPublications/NIST.SP.800-56Br2.pdf
SP,800-177 Rev. 1,2/26/2019,Trustworthy Email,https://csrc.nist.gov/pubs/sp/800/177/r1/final,https://nvlpubs.nist.gov/nistpubs/SpecialPublications/NIST.SP.800-177r1.pdf
SP,1800-4,2/21/2019,Mobile Device Security: Cloud and Hybrid Builds,https://csrc.nist.gov/pubs/sp/1800/4/final,https://nvlpubs.nist.gov/nistpubs/SpecialPublications/NIST.SP.1800-4.pdf
SP,800-37 Rev. 2,12/20/2018,Risk Management Framework for Information Systems and Organizations: A System Life Cycle Approach for Security and Privacy,https://csrc.nist.gov/pubs/sp/800/37/r2/final,https://nvlpubs.nist.gov/nistpubs/SpecialPublications/NIST.SP.800-37r2.pdf
SP,1800-5,9/07/2018,IT Asset Management,https://csrc.nist.gov/pubs/sp/1800/5/final,https://nvlpubs.nist.gov/nistpubs/SpecialPublications/NIST.SP.1800-5.pdf
SP,1800-8,8/17/2018,Securing Wireless Infusion Pumps in Healthcare Delivery Organizations,https://csrc.nist.gov/pubs/sp/1800/8/final,https://nvlpubs.nist.gov/nistpubs/SpecialPublications/NIST.SP.1800-8.pdf
SP,1800-1,7/27/2018,Securing Electronic Health Records on Mobile Devices,https://csrc.nist.gov/pubs/sp/1800/1/final,https://nvlpubs.nist.gov/nistpubs/SpecialPublications/NIST.SP.1800-1.pdf
SP,1800-2,7/13/2018,Identity and Access Management for Electric Utilities,https://csrc.nist.gov/pubs/sp/1800/2/final,https://nvlpubs.nist.gov/nistpubs/SpecialPublications/NIST.SP.1800-2.pdf
SP,800-203,7/02/2018,2017 NIST/ITL Cybersecurity Program Annual Report,https://csrc.nist.gov/pubs/sp/800/203/final,https://nvlpubs.nist.gov/nistpubs/SpecialPublications/NIST.SP.800-203.pdf
SP,800-116 Rev. 1,6/29/2018,Guidelines for the Use of PIV Credentials in Facility Access,https://csrc.nist.gov/pubs/sp/800/116/r1/final,https://nvlpubs.nist.gov/nistpubs/SpecialPublications/NIST.SP.800-116r1.pdf
SP,800-125A Rev. 1,6/07/2018,Security Recommendations for Server-based Hypervisor Platforms,https://csrc.nist.gov/pubs/sp/800/125/a/r1/final,https://nvlpubs.nist.gov/nistpubs/SpecialPublications/NIST.SP.800-125Ar1.pdf
SP,800-202,5/10/2018,Quick Start Guide for Populating Mobile Test Devices,https://csrc.nist.gov/pubs/sp/800/202/final,https://nvlpubs.nist.gov/nistpubs/SpecialPublications/NIST.SP.800-202.pdf
SP,800-193,5/04/2018,Platform Firmware Resiliency Guidelines,https://csrc.nist.gov/pubs/sp/800/193/final,https://nvlpubs.nist.gov/nistpubs/SpecialPublications/NIST.SP.800-193.pdf
SP,800-87 Rev. 2,4/19/2018,Codes for Identification of Federal and Federally-Assisted Organizations,https://csrc.nist.gov/pubs/sp/800/87/r2/final,https://nvlpubs.nist.gov/nistpubs/SpecialPublications/NIST.SP.800-87r2.pdf
SP,800-56A Rev. 3,4/16/2018,Recommendation for Pair-Wise Key-Establishment Schemes Using Discrete Logarithm Cryptography,https://csrc.nist.gov/pubs/sp/800/56/a/r3/final,https://nvlpubs.nist.gov/nistpubs/SpecialPublications/NIST.SP.800-56Ar3.pdf
SP,500-325,3/14/2018,Fog Computing Conceptual Model,https://csrc.nist.gov/pubs/sp/500/325/final,https://nvlpubs.nist.gov/nistpubs/SpecialPublications/NIST.SP.500-325.pdf
SP,800-70 Rev. 4,2/15/2018,National Checklist Program for IT Products: Guidelines for Checklist Users and Developers,https://csrc.nist.gov/pubs/sp/800/70/r4/final,https://nvlpubs.nist.gov/nistpubs/SpecialPublications/NIST.SP.800-70r4.pdf
SP,800-126 Rev. 3,2/14/2018,The Technical Specification for the Security Content Automation Protocol (SCAP): SCAP Version 1.3,https://csrc.nist.gov/pubs/sp/800/126/r3/final,https://nvlpubs.nist.gov/nistpubs/SpecialPublications/NIST.SP.800-126r3.pdf
SP,800-126A,2/14/2018,SCAP 1.3 Component Specification Version Updates: An Annex to NIST Special Publication 800-126 Revision 3,https://csrc.nist.gov/pubs/sp/800/126/a/final,https://nvlpubs.nist.gov/nistpubs/SpecialPublications/NIST.SP.800-126A.pdf
SP,1800-6,1/19/2018,Domain Name System-Based Electronic Mail Security,https://csrc.nist.gov/pubs/sp/1800/6/final,https://nvlpubs.nist.gov/nistpubs/SpecialPublications/NIST.SP.1800-6.pdf
SP,800-90B,1/10/2018,Recommendation for the Entropy Sources Used for Random Bit Generation,https://csrc.nist.gov/pubs/sp/800/90/b/final,https://nvlpubs.nist.gov/nistpubs/SpecialPublications/NIST.SP.800-90B.pdf
SP,800-187,12/21/2017,Guide to LTE Security,https://csrc.nist.gov/pubs/sp/800/187/final,https://nvlpubs.nist.gov/nistpubs/SpecialPublications/NIST.SP.800-187.pdf
SP,800-195,9/28/2017,2016 NIST/ITL Cybersecurity Program Annual Report,https://csrc.nist.gov/pubs/sp/800/195/final,https://nvlpubs.nist.gov/nistpubs/SpecialPublications/NIST.SP.800-195.pdf
SP,800-190,9/25/2017,Application Container Security Guide,https://csrc.nist.gov/pubs/sp/800/190/final,https://nvlpubs.nist.gov/nistpubs/SpecialPublications/NIST.SP.800-190.pdf
SP,800-192,6/27/2017,Verification and Test Methods for Access Control Policies/Models,https://csrc.nist.gov/pubs/sp/800/192/final,https://nvlpubs.nist.gov/nistpubs/SpecialPublications/NIST.SP.800-192.pdf
SP,800-12 Rev. 1,6/22/2017,An Introduction to Information Security,https://csrc.nist.gov/pubs/sp/800/12/r1/final,https://nvlpubs.nist.gov/nistpubs/SpecialPublications/NIST.SP.800-12r1.pdf
SP,800-184,12/22/2016,Guide for Cybersecurity Event Recovery,https://csrc.nist.gov/pubs/sp/800/184/final,https://nvlpubs.nist.gov/nistpubs/SpecialPublications/NIST.SP.800-184.pdf
SP,800-185,12/22/2016,"SHA-3 Derived Functions: cSHAKE, KMAC, TupleHash, and ParallelHash",https://csrc.nist.gov/pubs/sp/800/185/final,https://nvlpubs.nist.gov/nistpubs/SpecialPublications/NIST.SP.800-185.pdf
SP,500-320,11/10/2016,Report of the Workshop on Software Measures and Metrics to Reduce Security Vulnerabilities (SwMM-RSV),https://csrc.nist.gov/pubs/sp/500/320/final,https://nvlpubs.nist.gov/nistpubs/SpecialPublications/NIST.SP.500-320.pdf
SP,800-38B,10/06/2016,Recommendation for Block Cipher Modes of Operation: the CMAC Mode for Authentication,https://csrc.nist.gov/pubs/sp/800/38/b/upd1/final,https://nvlpubs.nist.gov/nistpubs/SpecialPublications/NIST.SP.800-38B.pdf
SP,800-150,10/04/2016,Guide to Cyber Threat Information Sharing,https://csrc.nist.gov/pubs/sp/800/150/final,https://nvlpubs.nist.gov/nistpubs/SpecialPublications/NIST.SP.800-150.pdf
SP,800-178,10/03/2016,A Comparison of Attribute Based Access Control (ABAC) Standards for Data Service Applications: Extensible Access Control Markup Language (XACML) and Next Generation Access Control (NGAC),https://csrc.nist.gov/pubs/sp/800/178/final,https://nvlpubs.nist.gov/nistpubs/SpecialPublications/NIST.SP.800-178.pdf
SP,800-175A,8/22/2016,"Guideline for Using Cryptographic Standards in the Federal Government: Directives, Mandates and Policies",https://csrc.nist.gov/pubs/sp/800/175/a/final,https://nvlpubs.nist.gov/nistpubs/SpecialPublications/NIST.SP.800-175A.pdf
SP,800-182,8/10/2016,Computer Security Division 2015 Annual Report,https://csrc.nist.gov/pubs/sp/800/182/final,https://nvlpubs.nist.gov/nistpubs/SpecialPublications/NIST.SP.800-182.pdf
SP,800-38G,8/04/2016,Recommendation for Block Cipher Modes of Operation: Methods for Format-Preserving Encryption,https://csrc.nist.gov/pubs/sp/800/38/g/upd1/final,https://nvlpubs.nist.gov/nistpubs/SpecialPublications/NIST.SP.800-38G.pdf
SP,800-46 Rev. 2,7/29/2016,"Guide to Enterprise Telework, Remote Access, and Bring Your Own Device (BYOD) Security",https://csrc.nist.gov/pubs/sp/800/46/r2/final,https://nvlpubs.nist.gov/nistpubs/SpecialPublications/NIST.SP.800-46r2.pdf
SP,800-114 Rev. 1,7/29/2016,User's Guide to Telework and Bring Your Own Device (BYOD) Security,https://csrc.nist.gov/pubs/sp/800/114/r1/final,https://nvlpubs.nist.gov/nistpubs/SpecialPublications/NIST.SP.800-114r1.pdf
SP,800-183,7/28/2016,Networks of 'Things',https://csrc.nist.gov/pubs/sp/800/183/final,https://nvlpubs.nist.gov/nistpubs/SpecialPublications/NIST.SP.800-183.pdf
SP,800-166,6/06/2016,Derived PIV Application and Data Model Test Guidelines,https://csrc.nist.gov/pubs/sp/800/166/final,https://nvlpubs.nist.gov/nistpubs/SpecialPublications/NIST.SP.800-166.pdf
SP,800-156,5/20/2016,Representation of PIV Chain-of-Trust for Import and Export,https://csrc.nist.gov/pubs/sp/800/156/final,https://nvlpubs.nist.gov/nistpubs/SpecialPublications/NIST.SP.800-156.pdf
SP,800-85A-4,4/13/2016,PIV Card Application and Middleware Interface Test Guidelines (SP 800-73-4 Compliance),https://csrc.nist.gov/pubs/sp/800/85/a/4/final,https://nvlpubs.nist.gov/nistpubs/SpecialPublications/NIST.SP.800-85A-4.pdf
SP,800-125B,3/07/2016,Secure Virtual Network Configuration for Virtual Machine (VM) Protection,https://csrc.nist.gov/pubs/sp/800/125/b/final,https://nvlpubs.nist.gov/nistpubs/SpecialPublications/NIST.SP.800-125B.pdf
SP,800-152,10/28/2015,A Profile for U.S. Federal Cryptographic Key Management Systems (CKMS),https://csrc.nist.gov/pubs/sp/800/152/final,https://nvlpubs.nist.gov/nistpubs/SpecialPublications/NIST.SP.800-152.pdf
SP,800-167,10/28/2015,Guide to Application Whitelisting,https://csrc.nist.gov/pubs/sp/800/167/final,https://nvlpubs.nist.gov/nistpubs/SpecialPublications/NIST.SP.800-167.pdf
SP,800-176,8/20/2015,Computer Security Division 2014 Annual Report,https://csrc.nist.gov/pubs/sp/800/176/final,https://nvlpubs.nist.gov/nistpubs/SpecialPublications/NIST.SP.800-176.pdf
FIPS,180-4,8/04/2015,Secure Hash Standard (SHS),https://csrc.nist.gov/pubs/fips/180-4/upd1/final,https://nvlpubs.nist.gov/nistpubs/FIPS/NIST.FIPS.180-4.pdf
FIPS,202,8/04/2015,SHA-3 Standard: Permutation-Based Hash and Extendable-Output Functions,https://csrc.nist.gov/pubs/fips/202/final,https://nvlpubs.nist.gov/nistpubs/FIPS/NIST.FIPS.202.pdf
SP,800-79-2,7/30/2015,Guidelines for the Authorization of Personal Identity Verification Card Issuers (PCI) and Derived PIV Credential Issuers (DPCI),https://csrc.nist.gov/pubs/sp/800/79/2/final,https://nvlpubs.nist.gov/nistpubs/SpecialPublications/NIST.SP.800-79-2.pdf
SP,800-90A Rev. 1,6/24/2015,Recommendation for Random Number Generation Using Deterministic Random Bit Generators,https://csrc.nist.gov/pubs/sp/800/90/a/r1/final,https://nvlpubs.nist.gov/nistpubs/SpecialPublications/NIST.SP.800-90Ar1.pdf
SP,500-304,6/24/2015,"Conformance Testing Methodology Framework for ANSI/NIST-ITL 1-2011 Update: 2013, Data Format for the Interchange of Fingerprint, Facial & Other Biometric Information",https://csrc.nist.gov/pubs/sp/500/304/final,https://nvlpubs.nist.gov/nistpubs/SpecialPublications/NIST.SP.500-304.pdf
SP,800-57 Part 3 Rev. 1,1/22/2015,"Recommendation for Key Management, Part 3: Application-Specific Key Management Guidance",https://csrc.nist.gov/pubs/sp/800/57/pt3/r1/final,https://nvlpubs.nist.gov/nistpubs/SpecialPublications/NIST.SP.800-57Pt3r1.pdf
SP,800-157,12/19/2014,Guidelines for Derived Personal Identity Verification (PIV) Credentials,https://csrc.nist.gov/pubs/sp/800/157/final,https://nvlpubs.nist.gov/nistpubs/SpecialPublications/NIST.SP.800-157.pdf
SP,800-88 Rev. 1,12/17/2014,Guidelines for Media Sanitization,https://csrc.nist.gov/pubs/sp/800/88/r1/final,https://nvlpubs.nist.gov/nistpubs/SpecialPublications/NIST.SP.800-88r1.pdf
SP,800-170,9/04/2014,Computer Security Division 2013 Annual Report,https://csrc.nist.gov/pubs/sp/800/170/final,https://nvlpubs.nist.gov/nistpubs/SpecialPublications/NIST.SP.800-170.pdf
SP,800-147B,8/28/2014,BIOS Protection Guidelines for Servers,https://csrc.nist.gov/pubs/sp/800/147/b/final,https://nvlpubs.nist.gov/nistpubs/SpecialPublications/NIST.SP.800-147B.pdf
SP,800-168,7/02/2014,Approximate Matching: Definition and Terminology,https://csrc.nist.gov/pubs/sp/800/168/final,https://nvlpubs.nist.gov/nistpubs/SpecialPublications/NIST.SP.800-168.pdf
SP,800-101 Rev. 1,5/15/2014,Guidelines on Mobile Device Forensics,https://csrc.nist.gov/pubs/sp/800/101/r1/final,https://nvlpubs.nist.gov/nistpubs/SpecialPublications/NIST.SP.800-101r1.pdf
SP,800-81-2,9/18/2013,Secure Domain Name System (DNS) Deployment Guide,https://csrc.nist.gov/pubs/sp/800/81/2/final,https://nvlpubs.nist.gov/nistpubs/SpecialPublications/NIST.SP.800-81-2.pdf
SP,800-130,8/15/2013,A Framework for Designing Cryptographic Key Management Systems,https://csrc.nist.gov/pubs/sp/800/130/final,https://nvlpubs.nist.gov/nistpubs/SpecialPublications/NIST.SP.800-130.pdf
SP,800-83 Rev. 1,7/22/2013,Guide to Malware Incident Prevention and Handling for Desktops and Laptops,https://csrc.nist.gov/pubs/sp/800/83/r1/final,https://nvlpubs.nist.gov/nistpubs/SpecialPublications/NIST.SP.800-83r1.pdf
SP,800-165,7/22/2013,Computer Security Division 2012 Annual Report,https://csrc.nist.gov/pubs/sp/800/165/final,https://nvlpubs.nist.gov/nistpubs/SpecialPublications/NIST.SP.800-165.pdf
SP,800-76-2,7/11/2013,Biometric Specifications for Personal Identity Verification,https://csrc.nist.gov/pubs/sp/800/76/2/final,https://nvlpubs.nist.gov/nistpubs/SpecialPublications/NIST.SP.800-76-2.pdf
SP,800-38F,12/13/2012,Recommendation for Block Cipher Modes of Operation: Methods for Key Wrapping,https://csrc.nist.gov/pubs/sp/800/38/f/final,https://nvlpubs.nist.gov/nistpubs/SpecialPublications/NIST.SP.800-38F.pdf
SP,800-30 Rev. 1,9/17/2012,Guide for Conducting Risk Assessments,https://csrc.nist.gov/pubs/sp/800/30/r1/final,https://nvlpubs.nist.gov/nistpubs/Legacy/SP/nistspecialpublication800-30r1.pdf
SP,800-107 Rev. 1,8/24/2012,Recommendation for Applications Using Approved Hash Algorithms,https://csrc.nist.gov/pubs/sp/800/107/r1/final,https://nvlpubs.nist.gov/nistpubs/Legacy/SP/nistspecialpublication800-107r1.pdf
SP,800-61 Rev. 2,8/06/2012,Computer Security Incident Handling Guide,https://csrc.nist.gov/pubs/sp/800/61/r2/final,https://nvlpubs.nist.gov/nistpubs/SpecialPublications/NIST.SP.800-61r2.pdf
SP,800-146,5/29/2012,Cloud Computing Synopsis and Recommendations,https://csrc.nist.gov/pubs/sp/800/146/final,https://nvlpubs.nist.gov/nistpubs/Legacy/SP/nistspecialpublication800-146.pdf
SP,800-126 Rev. 2,3/19/2012,The Technical Specification for the Security Content Automation Protocol (SCAP): SCAP Version 1.2,https://csrc.nist.gov/pubs/sp/800/126/r2/final,https://nvlpubs.nist.gov/nistpubs/Legacy/SP/nistspecialpublication800-126r2.pdf
SP,800-153,2/21/2012,Guidelines for Securing Wireless Local Area Networks (WLANs),https://csrc.nist.gov/pubs/sp/800/153/final,https://nvlpubs.nist.gov/nistpubs/Legacy/SP/nistspecialpublication800-153.pdf
SP,800-135 Rev. 1,12/23/2011,Recommendation for Existing Application-Specific Key Derivation Functions,https://csrc.nist.gov/pubs/sp/800/135/r1/final,https://nvlpubs.nist.gov/nistpubs/Legacy/SP/nistspecialpublication800-135r1.pdf
SP,800-144,12/09/2011,Guidelines on Security and Privacy in Public Cloud Computing,https://csrc.nist.gov/pubs/sp/800/144/final,https://nvlpubs.nist.gov/nistpubs/Legacy/SP/nistspecialpublication800-144.pdf
SP,800-137,9/30/2011,Information Security Continuous Monitoring (ISCM) for Federal Information Systems and Organizations,https://csrc.nist.gov/pubs/sp/800/137/final,https://nvlpubs.nist.gov/nistpubs/Legacy/SP/nistspecialpublication800-137.pdf
SP,800-145,9/28/2011,The NIST Definition of Cloud Computing,https://csrc.nist.gov/pubs/sp/800/145/final,https://nvlpubs.nist.gov/nistpubs/Legacy/SP/nistspecialpublication800-145.pdf
SP,800-147,4/29/2011,BIOS Protection Guidelines,https://csrc.nist.gov/pubs/sp/800/147/final,https://nvlpubs.nist.gov/nistpubs/Legacy/SP/nistspecialpublication800-147.pdf
SP,800-39,3/01/2011,"Managing Information Security Risk: Organization, Mission, and Information System View",https://csrc.nist.gov/pubs/sp/800/39/final,https://nvlpubs.nist.gov/nistpubs/Legacy/SP/nistspecialpublication800-39.pdf
SP,800-126 Rev. 1,2/25/2011,The Technical Specification for the Security Content Automation Protocol (SCAP): SCAP Version 1.1,https://csrc.nist.gov/pubs/sp/800/126/r1/final,https://nvlpubs.nist.gov/nistpubs/Legacy/SP/nistspecialpublication800-126r1.pdf
SP,800-51 Rev. 1,2/25/2011,Guide to Using Vulnerability Naming Schemes,https://csrc.nist.gov/pubs/sp/800/51/r1/final,https://nvlpubs.nist.gov/nistpubs/Legacy/SP/nistspecialpublication800-51r1.pdf
SP,800-125,1/28/2011,Guide to Security for Full Virtualization Technologies,https://csrc.nist.gov/pubs/sp/800/125/final,https://nvlpubs.nist.gov/nistpubs/Legacy/SP/nistspecialpublication800-125.pdf
SP,800-119,12/29/2010,Guidelines for the Secure Deployment of IPv6,https://csrc.nist.gov/pubs/sp/800/119/final,https://nvlpubs.nist.gov/nistpubs/Legacy/SP/nistspecialpublication800-119.pdf
SP,800-132,12/22/2010,Recommendation for Password-Based Key Derivation: Part 1: Storage Applications,https://csrc.nist.gov/pubs/sp/800/132/final,https://nvlpubs.nist.gov/nistpubs/Legacy/SP/nistspecialpublication800-132.pdf
SP,800-34 Rev. 1,11/11/2010,Contingency Planning Guide for Federal Information Systems,https://csrc.nist.gov/pubs/sp/800/34/r1/upd1/final,https://nvlpubs.nist.gov/nistpubs/Legacy/SP/nistspecialpublication800-34r1.pdf
SP,800-38A,10/21/2010,Recommendation for Block Cipher Modes of Operation: Three Variants of Ciphertext Stealing for CBC Mode,https://csrc.nist.gov/pubs/sp/800/38/a/sup/final,https://nvlpubs.nist.gov/nistpubs/Legacy/SP/nistspecialpublication800-38a-add.pdf
SP,800-142,10/07/2010,Practical Combinatorial Testing,https://csrc.nist.gov/pubs/sp/800/142/final,https://nvlpubs.nist.gov/nistpubs/Legacy/SP/nistspecialpublication800-142.pdf
SP,800-22 Rev. 1,4/30/2010,A Statistical Test Suite for Random and Pseudorandom Number Generators for Cryptographic Applications,https://csrc.nist.gov/pubs/sp/800/22/r1/upd1/final,https://nvlpubs.nist.gov/nistpubs/Legacy/SP/nistspecialpublication800-22r1a.pdf
SP,800-122,4/06/2010,Guide to Protecting the Confidentiality of Personally Identifiable Information (PII),https://csrc.nist.gov/pubs/sp/800/122/final,https://nvlpubs.nist.gov/nistpubs/Legacy/SP/nistspecialpublication800-122.pdf
SP,800-38E,1/18/2010,Recommendation for Block Cipher Modes of Operation:  the XTS-AES Mode for Confidentiality on Storage Devices,https://csrc.nist.gov/pubs/sp/800/38/e/final,https://nvlpubs.nist.gov/nistpubs/Legacy/SP/nistspecialpublication800-38e.pdf
SP,800-41 Rev. 1,9/28/2009,Guidelines on Firewalls and Firewall Policy,https://csrc.nist.gov/pubs/sp/800/41/r1/final,https://nvlpubs.nist.gov/nistpubs/Legacy/SP/nistspecialpublication800-41r1.pdf
SP,800-102,9/23/2009,Recommendation for Digital Signature Timeliness,https://csrc.nist.gov/pubs/sp/800/102/final,https://nvlpubs.nist.gov/nistpubs/Legacy/SP/nistspecialpublication800-102.pdf
SP,800-115,9/30/2008,Technical Guide to Information Security Testing and Assessment,https://csrc.nist.gov/pubs/sp/800/115/final,https://nvlpubs.nist.gov/nistpubs/Legacy/SP/nistspecialpublication800-115.pdf
SP,800-60 Vol. 1 Rev. 1,8/01/2008,Guide for Mapping Types of Information and Information Systems to Security Categories,https://csrc.nist.gov/pubs/sp/800/60/v1/r1/final,https://nvlpubs.nist.gov/nistpubs/Legacy/SP/nistspecialpublication800-60v1r1.pdf
SP,800-60 Vol. 2 Rev. 1,8/01/2008,Guide for Mapping Types of Information and Information Systems to Security Categories: Appendices,https://csrc.nist.gov/pubs/sp/800/60/v2/r1/final,https://nvlpubs.nist.gov/nistpubs/Legacy/SP/nistspecialpublication800-60v2r1.pdf
SP,800-123,7/25/2008,Guide to General Server Security,https://csrc.nist.gov/pubs/sp/800/123/final,https://nvlpubs.nist.gov/nistpubs/Legacy/SP/nistspecialpublication800-123.pdf
FIPS,198-1,7/16/2008,The Keyed-Hash Message Authentication Code (HMAC),https://csrc.nist.gov/pubs/fips/198-1/final,https://nvlpubs.nist.gov/nistpubs/FIPS/NIST.FIPS.198-1.pdf
SP,800-113,7/01/2008,Guide to SSL VPNs,https://csrc.nist.gov/pubs/sp/800/113/final,https://nvlpubs.nist.gov/nistpubs/Legacy/SP/nistspecialpublication800-113.pdf
SP,800-28 Version 2,3/07/2008,Guidelines on Active Content and Mobile Code,https://csrc.nist.gov/pubs/sp/800/28/ver2/final,https://nvlpubs.nist.gov/nistpubs/Legacy/SP/nistspecialpublication800-28ver2.pdf
SP,800-38D,11/28/2007,Recommendation for Block Cipher Modes of Operation: Galois/Counter Mode (GCM) and GMAC,https://csrc.nist.gov/pubs/sp/800/38/d/final,https://nvlpubs.nist.gov/nistpubs/Legacy/SP/nistspecialpublication800-38d.pdf
SP,800-111,11/15/2007,Guide to Storage Encryption Technologies for End User Devices,https://csrc.nist.gov/pubs/sp/800/111/final,https://nvlpubs.nist.gov/nistpubs/Legacy/SP/nistspecialpublication800-111.pdf
SP,800-44 Version 2,10/09/2007,Guidelines on Securing Public Web Servers,https://csrc.nist.gov/pubs/sp/800/44/ver2/final,https://nvlpubs.nist.gov/nistpubs/Legacy/SP/nistspecialpublication800-44ver2.pdf
SP,800-95,8/29/2007,Guide to Secure Web Services,https://csrc.nist.gov/pubs/sp/800/95/final,https://nvlpubs.nist.gov/nistpubs/Legacy/SP/nistspecialpublication800-95.pdf
SP,800-38C,7/20/2007,Recommendation for Block Cipher Modes of Operation: the CCM Mode for Authentication and Confidentiality,https://csrc.nist.gov/pubs/sp/800/38/c/upd1/final,https://nvlpubs.nist.gov/nistpubs/Legacy/SP/nistspecialpublication800-38c.pdf
SP,800-98,4/06/2007,Guidelines for Securing Radio Frequency Identification (RFID) Systems,https://csrc.nist.gov/pubs/sp/800/98/final,https://nvlpubs.nist.gov/nistpubs/Legacy/SP/nistspecialpublication800-98.pdf
SP,800-100,3/07/2007,Information Security Handbook: A Guide for Managers,https://csrc.nist.gov/pubs/sp/800/100/upd1/final,https://nvlpubs.nist.gov/nistpubs/Legacy/SP/nistspecialpublication800-100.pdf
SP,800-45 Version 2,2/20/2007,Guidelines on Electronic Mail Security,https://csrc.nist.gov/pubs/sp/800/45/ver2/final,https://nvlpubs.nist.gov/nistpubs/Legacy/SP/nistspecialpublication800-45ver2.pdf
SP,800-94,2/20/2007,Guide to Intrusion Detection and Prevention Systems (IDPS),https://csrc.nist.gov/pubs/sp/800/94/final,https://nvlpubs.nist.gov/nistpubs/Legacy/SP/nistspecialpublication800-94.pdf
SP,800-97,2/07/2007,Establishing Wireless Robust Security Networks: A Guide to IEEE 802.11i,https://csrc.nist.gov/pubs/sp/800/97/final,https://nvlpubs.nist.gov/nistpubs/Legacy/SP/nistspecialpublication800-97.pdf
SP,800-96,12/29/2006,PIV Card to Reader Interoperability Guidelines,https://csrc.nist.gov/pubs/sp/800/96/final,https://nvlpubs.nist.gov/nistpubs/Legacy/SP/nistspecialpublication800-96.pdf
SP,800-89,11/30/2006,Recommendation for Obtaining Assurances for Digital Signature Applications,https://csrc.nist.gov/pubs/sp/800/89/final,https://nvlpubs.nist.gov/nistpubs/Legacy/SP/nistspecialpublication800-89.pdf
SP,800-84,9/21/2006,"Guide to Test, Training, and Exercise Programs for IT Plans and Capabilities",https://csrc.nist.gov/pubs/sp/800/84/final,https://nvlpubs.nist.gov/nistpubs/Legacy/SP/nistspecialpublication800-84.pdf
SP,800-92,9/13/2006,Guide to Computer Security Log Management,https://csrc.nist.gov/pubs/sp/800/92/final,https://nvlpubs.nist.gov/nistpubs/Legacy/SP/nistspecialpublication800-92.pdf
SP,800-86,9/01/2006,Guide to Integrating Forensic Techniques into Incident Response,https://csrc.nist.gov/pubs/sp/800/86/final,https://nvlpubs.nist.gov/nistpubs/Legacy/SP/nistspecialpublication800-86.pdf
SP,800-85B,7/31/2006,PIV Data Model Test Guidelines,https://csrc.nist.gov/pubs/sp/800/85/b/final,https://nvlpubs.nist.gov/nistpubs/Legacy/SP/nistspecialpublication800-85b.pdf
FIPS,200,3/01/2006,Minimum Security Requirements for Federal Information and Information Systems,https://csrc.nist.gov/pubs/fips/200/final,https://nvlpubs.nist.gov/nistpubs/FIPS/NIST.FIPS.200.pdf
SP,800-18 Rev. 1,2/24/2006,Guide for Developing Security Plans for Federal Information Systems,https://csrc.nist.gov/pubs/sp/800/18/r1/final,https://nvlpubs.nist.gov/nistpubs/Legacy/SP/nistspecialpublication800-18r1.pdf
SP,800-58,1/01/2005,Security Considerations for Voice Over IP Systems,https://csrc.nist.gov/pubs/sp/800/58/final,https://nvlpubs.nist.gov/nistpubs/Legacy/SP/nistspecialpublication800-58.pdf
SP,800-72,11/01/2004,Guidelines on PDA Forensics,https://csrc.nist.gov/pubs/sp/800/72/final,https://nvlpubs.nist.gov/nistpubs/Legacy/SP/nistspecialpublication800-72.pdf
FIPS,199,2/01/2004,Standards for Security Categorization of Federal Information and Information Systems,https://csrc.nist.gov/pubs/fips/199/final,https://nvlpubs.nist.gov/nistpubs/FIPS/NIST.FIPS.199.pdf
SP,800-35,10/09/2003,Guide to Information Technology Security Services,https://csrc.nist.gov/pubs/sp/800/35/final,https://nvlpubs.nist.gov/nistpubs/Legacy/SP/nistspecialpublication800-35.pdf
SP,800-59,8/20/2003,Guideline for Identifying an Information System as a National Security System,https://csrc.nist.gov/pubs/sp/800/59/final,https://nvlpubs.nist.gov/nistpubs/Legacy/SP/nistspecialpublication800-59.pdf
FIPS,140-2,12/03/2002,Security Requirements for Cryptographic Modules,https://csrc.nist.gov/pubs/fips/140-2/upd2/final,https://nvlpubs.nist.gov/nistpubs/FIPS/NIST.FIPS.140-2.pdf
SP,800-49,11/05/2002,Federal S/MIME V3 Client Profile,https://csrc.nist.gov/pubs/sp/800/49/final,https://nvlpubs.nist.gov/nistpubs/Legacy/SP/nistspecialpublication800-49.pdf
SP,800-38A,12/01/2001,Recommendation for Block Cipher Modes of Operation: Methods and Techniques,https://csrc.nist.gov/pubs/sp/800/38/a/final,https://nvlpubs.nist.gov/nistpubs/Legacy/SP/nistspecialpublication800-38a.pdf
SP,500-189,9/01/1991,Security in ISDN,https://csrc.nist.gov/pubs/sp/500/189/final,https://nvlpubs.nist.gov/nistpubs/Legacy/SP/nistspecialpublication500-189.pdf
SP,500-174,10/01/1989,Guide for Selecting Automated Risk Analysis Tools,https://csrc.nist.gov/pubs/sp/500/174/final,https://nvlpubs.nist.gov/nistpubs/Legacy/SP/nistspecialpublication500-174.pdf
SP,500-169,10/01/1989,Executive Guide to the Protection of Information Resources,https://csrc.nist.gov/pubs/sp/500/169/final,https://nvlpubs.nist.gov/nistpubs/Legacy/SP/nistspecialpublication500-169.pdf
SP,500-170,10/01/1989,Management Guide to the Protection of Information Resources,https://csrc.nist.gov/pubs/sp/500/170/final,https://nvlpubs.nist.gov/nistpubs/Legacy/SP/nistspecialpublication500-170.pdf
SP,500-171,10/01/1989,Computer Users' Guide to the Protection of Information Resources,https://csrc.nist.gov/pubs/sp/500/171/final,https://nvlpubs.nist.gov/nistpubs/Legacy/SP/nistspecialpublication500-171.pdf
SP,500-166,8/01/1989,Computer Viruses and Related Threats: a Management Guide,https://csrc.nist.gov/pubs/sp/500/166/final,https://nvlpubs.nist.gov/nistpubs/Legacy/SP/nistspecialpublication500-166.pdf
SP,500-160,1/01/1989,Report of the Invitational Workshop on Integrity Policy in Computer Information Systems (WIPCIS),https://csrc.nist.gov/pubs/sp/500/160/final,https://nvlpubs.nist.gov/nistpubs/Legacy/SP/nistspecialpublication500-160.pdf
SP,500-157,9/01/1988,Smart Card Technology: New Methods for Computer Access Control,https://csrc.nist.gov/pubs/sp/500/157/final,https://nvlpubs.nist.gov/nistpubs/Legacy/SP/nistspecialpublication500-157.pdf
SP,500-158,8/01/1988,"Accuracy, Integrity, and Security in Computerized Vote-Tallying",https://csrc.nist.gov/pubs/sp/500/158/final,https://nvlpubs.nist.gov/nistpubs/Legacy/SP/nbsspecialpublication500-158.pdf
SP,500-156,5/01/1988,Message Authentication Code (MAC) Validation System: Requirements and Procedures,https://csrc.nist.gov/pubs/sp/500/156/final,https://nvlpubs.nist.gov/nistpubs/Legacy/SP/nbsspecialpublication500-156.pdf
SP,500-153,4/01/1988,Guide to Auditing for Controls and Security: A System Development Life Cycle Approach,https://csrc.nist.gov/pubs/sp/500/153/final,https://nvlpubs.nist.gov/nistpubs/Legacy/SP/nbsspecialpublication500-153.pdf
SP,500-137,5/01/1986,Security for Dial-Up Lines,https://csrc.nist.gov/pubs/sp/500/137/final,https://nvlpubs.nist.gov/nistpubs/Legacy/SP/nbsspecialpublication500-137.pdf
SP,500-134,11/01/1985,Guide on Selecting ADP Backup Process Alternatives,https://csrc.nist.gov/pubs/sp/500/134/final,https://nvlpubs.nist.gov/nistpubs/Legacy/SP/nbsspecialpublication500-134.pdf
SP,500-133,10/01/1985,Technology Assessment: Methods for Measuring the Level of Computer Security,https://csrc.nist.gov/pubs/sp/500/133/final,https://nvlpubs.nist.gov/nistpubs/Legacy/SP/nbsspecialpublication500-133.pdf
SP,500-120,1/01/1985,Security of Personal Computer Systems: A Management Guide,https://csrc.nist.gov/pubs/sp/500/120/final,https://nvlpubs.nist.gov/nistpubs/Legacy/SP/nbsspecialpublication500-120.pdf
SP,500-109,4/01/1984,Overview of Computer Security Certification and Accreditation,https://csrc.nist.gov/pubs/sp/500/109/final,https://nvlpubs.nist.gov/nistpubs/Legacy/SP/nbsspecialpublication500-109.pdf
SP,500-85,1/01/1982,Executive Guide to ADP Contingency Planning,https://csrc.nist.gov/pubs/sp/500/85/final,https://nvlpubs.nist.gov/nistpubs/Legacy/SP/nbsspecialpublication500-85.pdf
SP,500-20,9/01/1980,Validating the Correctness of Hardware Implementations of the NBS Data Encryption Standard,https://csrc.nist.gov/pubs/sp/500/20/upd1/final,https://nvlpubs.nist.gov/nistpubs/Legacy/SP/nbsspecialpublication500-20e1980.pdf
SP,500-61,8/01/1980,Maintenance Testing for the Data Encryption Standard,https://csrc.nist.gov/pubs/sp/500/61/final,https://nvlpubs.nist.gov/nistpubs/Legacy/SP/nbsspecialpublication500-61.pdf
SP,500-57,4/01/1980,Audit and Evaluation of Computer Security II: System Vulnerabilities and Controls,https://csrc.nist.gov/pubs/sp/500/57/final,https://nvlpubs.nist.gov/nistpubs/Legacy/SP/nbsspecialpublication500-57.pdf
SP,500-54,10/01/1979,A Key Notarization System for Computer Networks,https://csrc.nist.gov/pubs/sp/500/54/final,https://nvlpubs.nist.gov/nistpubs/Legacy/SP/nbsspecialpublication500-54.pdf
SP,500-42,1/01/1979,A Survey of Remote Monitoring,https://csrc.nist.gov/pubs/sp/500/42/final,https://nvlpubs.nist.gov/nistpubs/Legacy/SP/nbsspecialpublication500-42.pdf
SP,500-30,4/01/1978,Effective Use of Computing Technology in Vote-Tallying,https://csrc.nist.gov/pubs/sp/500/30/final,https://nvlpubs.nist.gov/nistpubs/Legacy/SP/nbsspecialpublication500-30.pdf
SP,500-27,2/01/1978,Computer Security and the Data Encryption Standard: Proceedings of the Conference on Computer Security and the Data Encryption Standard,https://csrc.nist.gov/pubs/sp/500/27/final,https://nvlpubs.nist.gov/nistpubs/Legacy/SP/nbsspecialpublication500-27.pdf
SP,500-25,1/01/1978,An Analysis of Computer Security Safeguards for Detecting and Preventing Intentional Computer Misuse,https://csrc.nist.gov/pubs/sp/500/25/final,https://nvlpubs.nist.gov/nistpubs/Legacy/SP/nbsspecialpublication500-25.pdf
SP,500-24,1/01/1978,Performance Assurance and Data Integrity Practices,https://csrc.nist.gov/pubs/sp/500/24/final,https://nvlpubs.nist.gov/nistpubs/Legacy/SP/nbsspecialpublication500-24.pdf
SP,500-21 Vol. 2,1/01/1978,The Network Security Center: a System Level Approach to Computer Network Security,https://csrc.nist.gov/pubs/sp/500/21/v2/final,https://nvlpubs.nist.gov/nistpubs/Legacy/SP/nbsspecialpublication500-21v2.pdf
SP,500-21 Vol. 1,1/01/1978,Design Alternatives for Computer Network Security,https://csrc.nist.gov/pubs/sp/500/21/v1/final,https://nvlpubs.nist.gov/nistpubs/Legacy/SP/nbsspecialpublication500-21v1.pdf
SP,500-19,10/01/1977,Audit and Evaluation of Computer Security,https://csrc.nist.gov/pubs/sp/500/19/final,https://nvlpubs.nist.gov/nistpubs/Legacy/SP/nbsspecialpublication500-19.pdf
SP,500-9,5/01/1977,The Use of Passwords for Controlled Access to Computer Resources,https://csrc.nist.gov/pubs/sp/500/9/final,https://nvlpubs.nist.gov/nistpubs/Legacy/SP/nbsspecialpublication500-9.pdf
SP,404,9/01/1974,"Approaches to Privacy and Security in Computer Systems: Proceedings of a Conference Held at the National Bureau of Standards March 4-5, 1974",https://csrc.nist.gov/pubs/sp/404/final,https://nvlpubs.nist.gov/nistpubs/Legacy/SP/nbsspecialpublication404.pdf
